{"cameraMode":{"drawMode":0,"name":"Shaded","section":"Shading Mode"},"sceneLighting":true,"audioPlay":false,"sceneViewState":{"showFog":true,"showMaterialUpdate":true,"showSkybox":true,"showFlares":true,"showImageEffects":true,"showParticleSystems":true},"in2DMode":false,"pivot":{"x":0.08024024963378906,"y":-22.130611419677736,"z":12.622977256774903},"rotation":{"x":0.23006309568881989,"y":-0.7472781538963318,"z":0.3219504654407501,"w":0.5339598655700684},"size":24.300212860107423,"orthographic":false}